<?xml version="1.0" encoding="UTF-8" standalone="yes"?>
<addon id="plugin.video.cootel" name="Cootel" version="99.0.0" provider-name="Cootel">
  <requires>
    <import addon="xbmc.python" version="2.1.0"/>
	<import addon="repository.xbmc-israel" />
  </requires>
  <extension point="xbmc.python.pluginsource" library="default.py">
        <provides>video</provides>
  </extension>
  <extension point="xbmc.addon.metadata">
    <summary lang="en">Cootel - downloaded for free from:
http://www.cootel.com.ni/tv</summary>
    <description lang="en">Cootel- downloaded for free from:
http://www.cootel.com.ni/tv</description>
    <platform>all</platform>
  </extension>
</addon>
